{
	"pattrstorage" : 	{
		"name" : "phys-storage",
		"slots" : 		{
			"1" : 			{
				"id" : 1,
				"data" : 				{
					"euc-phys::rtt.euclidean.presets" : [ 11 ],
					"euc-phys::m::pattern" : [ "pattern", 1.0, 0.0, 0.0, 0.0, 1.0, 0.0, 0.0, 0.0, 1.0, 0.0, 0.0, 0.0, 1.0, 0.0, 0.0, 0.0 ],
					"euc-phys::m::steps" : [ 16 ],
					"euc-phys::m::counter" : [ "index" ],
					"euc-phys::m::output" : [ "eventcount" ],
					"euc-phys::m::trigger" : [ "change" ],
					"euc-phys::m::events" : [ 4 ],
					"euc-phys::m::rotate" : [ 0.0 ],
					"loop-phys::rtt.loop.presets" : [ -1 ],
					"loop-phys::m::steps" : [ 16.0 ],
					"loop-phys::m::subdiv" : [ 16.0 ],
					"loop-phys::m::drunk2minus" : [ 0.330000013113022 ],
					"loop-phys::m::drunk2plus" : [ 0.330000013113022 ],
					"loop-phys::m::drunk2equals" : [ 0.330000013113022 ],
					"loop-phys::m::direction" : [ "forward" ],
					"loop-phys::m::regionstart" : [ 0.0 ],
					"loop-phys::m::regionlength" : [ 1.0 ],
					"loop-phys::m::subdivmode" : [ "polymetric" ],
					"loop-phys::m::syncupdate" : [ 1 ],
					"notes-phys::rtt.notes.presets" : [ -1 ],
					"notes-phys::m::seq-length" : [ 3.0 ],
					"notes-phys::m::length" : [ 12.0 ],
					"notes-phys::m::octaves" : [ 1 ],
					"notes-phys::m::basenote" : [ 50 ],
					"notes-phys::m::sequence/scaled" : [ 58.0, 51.0, 55.0, 52.0, 54.0, 55.0, 54.0, 56.0, 58.0, 54.0, 56.0, 54.0, 56.0, 54.0, 57.0, 59.0 ],
					"notes-phys::m::sustain" : [ 1 ],
					"notes-phys::m::sequence/raw" : [ 0.75, 0.166666666666667, 0.5, 0.25, 0.416666666666667, 0.5, 0.416666666666667, 0.583333333333333, 0.75, 0.416666666666667, 0.583333333333333, 0.416666666666667, 0.583333333333333, 0.416666666666667, 0.666666666666667, 0.833333333333333 ],
					"scala-phys::rtt.scala-presets" : [ -1 ],
					"scala-phys::m::middlenote" : [ 60.0 ],
					"scala-phys::m::referencenote" : [ 69.0 ],
					"scala-phys::m::referencefreq" : [ 440.0 ],
					"scala-phys::m::scale" : [ "12tet_dorian.scl" ],
					"scala-phys::m::enable" : [ 1 ],
					"phys-velocity::rtt.sequence.presets" : [ -1 ],
					"phys-velocity::m::sequence/scaled" : [ 118.930000000000007, 90.710000000000008, 54.420000000000002, 80.63000000000001, 41.910000000000004, 92.730000000000004, 36.259999999999998, 90.710000000000008 ],
					"phys-velocity::m::seq-length" : [ 5.0 ],
					"phys-velocity::m::high" : [ 127.0 ],
					"phys-velocity::m::low" : [ 0.0 ],
					"phys-velocity::m::offset" : [ 0.0 ],
					"phys-velocity::m::stepsize" : [ 0.001000000047497 ],
					"phys-velocity::m::sequence/raw" : [ 0.936456692913386, 0.714251968503937, 0.428503937007874, 0.63488188976378, 0.33, 0.730157480314961, 0.285590551181102, 0.714285714285714 ],
					"phys-duration::rtt.sequence.presets" : [ -1 ],
					"phys-duration::m::sequence/scaled" : [ 793.649999999999977, 761.899999999999977, 793.649999999999977 ],
					"phys-duration::m::seq-length" : [ 3.0 ],
					"phys-duration::m::high" : [ 2000.0 ],
					"phys-duration::m::low" : [ 0.0 ],
					"phys-duration::m::offset" : [ 0.0 ],
					"phys-duration::m::stepsize" : [ 0.001000000047497 ],
					"phys-duration::m::sequence/raw" : [ 0.396825, 0.38095, 0.396825 ]
				}

			}
,
			"2" : 			{
				"id" : 2,
				"data" : 				{
					"euc-phys::rtt.euclidean.presets" : [ 11 ],
					"euc-phys::m::pattern" : [ "pattern", 1.0, 0.0, 0.0, 1.0, 0.0, 1.0, 0.0, 1.0, 0.0, 0.0, 1.0, 0.0, 1.0, 0.0, 1.0, 0.0 ],
					"euc-phys::m::steps" : [ 16 ],
					"euc-phys::m::counter" : [ "index" ],
					"euc-phys::m::output" : [ "eventcount" ],
					"euc-phys::m::trigger" : [ "change" ],
					"euc-phys::m::events" : [ 7 ],
					"euc-phys::m::rotate" : [ 0.0 ],
					"loop-phys::rtt.loop.presets" : [ -1 ],
					"loop-phys::m::steps" : [ 16.0 ],
					"loop-phys::m::subdiv" : [ 16.0 ],
					"loop-phys::m::drunk2minus" : [ 0.330000013113022 ],
					"loop-phys::m::drunk2plus" : [ 0.330000013113022 ],
					"loop-phys::m::drunk2equals" : [ 0.330000013113022 ],
					"loop-phys::m::direction" : [ "forward" ],
					"loop-phys::m::regionstart" : [ 0.0 ],
					"loop-phys::m::regionlength" : [ 1.0 ],
					"loop-phys::m::subdivmode" : [ "polymetric" ],
					"loop-phys::m::syncupdate" : [ 1 ],
					"notes-phys::rtt.notes.presets" : [ -1 ],
					"notes-phys::m::seq-length" : [ 16.0 ],
					"notes-phys::m::length" : [ 12.0 ],
					"notes-phys::m::octaves" : [ 1 ],
					"notes-phys::m::basenote" : [ 50 ],
					"notes-phys::m::sequence/scaled" : [ 58.0, 51.0, 55.0, 52.0, 54.0, 55.0, 54.0, 56.0, 58.0, 54.0, 56.0, 54.0, 56.0, 54.0, 57.0, 59.0 ],
					"notes-phys::m::sustain" : [ 1 ],
					"notes-phys::m::sequence/raw" : [ 0.75, 0.166666666666667, 0.5, 0.25, 0.416666666666667, 0.5, 0.416666666666667, 0.583333333333333, 0.75, 0.416666666666667, 0.583333333333333, 0.416666666666667, 0.583333333333333, 0.416666666666667, 0.666666666666667, 0.833333333333333 ],
					"scala-phys::rtt.scala-presets" : [ -1 ],
					"scala-phys::m::middlenote" : [ 60.0 ],
					"scala-phys::m::referencenote" : [ 69.0 ],
					"scala-phys::m::referencefreq" : [ 440.0 ],
					"scala-phys::m::scale" : [ "12tet_dorian.scl" ],
					"scala-phys::m::enable" : [ 1 ],
					"phys-velocity::rtt.sequence.presets" : [ -1 ],
					"phys-velocity::m::sequence/scaled" : [ 118.930000000000007, 90.710000000000008, 54.420000000000002, 80.63000000000001, 41.910000000000004, 92.730000000000004, 36.259999999999998, 90.710000000000008 ],
					"phys-velocity::m::seq-length" : [ 5.0 ],
					"phys-velocity::m::high" : [ 127.0 ],
					"phys-velocity::m::low" : [ 0.0 ],
					"phys-velocity::m::offset" : [ 0.0 ],
					"phys-velocity::m::stepsize" : [ 0.001000000047497 ],
					"phys-velocity::m::sequence/raw" : [ 0.936456692913386, 0.714251968503937, 0.428503937007874, 0.63488188976378, 0.33, 0.730157480314961, 0.285590551181102, 0.714285714285714 ],
					"phys-duration::rtt.sequence.presets" : [ -1 ],
					"phys-duration::m::sequence/scaled" : [ 253.960000000000008, 253.960000000000008, 285.710000000000036, 317.460000000000036, 190.469999999999999, 222.219999999999999 ],
					"phys-duration::m::seq-length" : [ 6.0 ],
					"phys-duration::m::high" : [ 2000.0 ],
					"phys-duration::m::low" : [ 0.0 ],
					"phys-duration::m::offset" : [ 0.0 ],
					"phys-duration::m::stepsize" : [ 0.001000000047497 ],
					"phys-duration::m::sequence/raw" : [ 0.12698, 0.12698, 0.142857142857143, 0.15873, 0.095235, 0.11111 ]
				}

			}
,
			"3" : 			{
				"id" : 3,
				"data" : 				{
					"euc-phys::rtt.euclidean.presets" : [ 11 ],
					"euc-phys::m::pattern" : [ "pattern", 1.0, 0.0, 0.0, 1.0, 0.0, 0.0, 1.0, 0.0, 1.0, 0.0, 0.0, 1.0, 0.0, 0.0, 1.0, 0.0 ],
					"euc-phys::m::steps" : [ 16 ],
					"euc-phys::m::counter" : [ "index" ],
					"euc-phys::m::output" : [ "eventcount" ],
					"euc-phys::m::trigger" : [ "change" ],
					"euc-phys::m::events" : [ 6 ],
					"euc-phys::m::rotate" : [ 0.0 ],
					"loop-phys::rtt.loop.presets" : [ -1 ],
					"loop-phys::m::steps" : [ 16.0 ],
					"loop-phys::m::subdiv" : [ 16.0 ],
					"loop-phys::m::drunk2minus" : [ 0.330000013113022 ],
					"loop-phys::m::drunk2plus" : [ 0.330000013113022 ],
					"loop-phys::m::drunk2equals" : [ 0.330000013113022 ],
					"loop-phys::m::direction" : [ "forward" ],
					"loop-phys::m::regionstart" : [ 0.0 ],
					"loop-phys::m::regionlength" : [ 1.0 ],
					"loop-phys::m::subdivmode" : [ "polymetric" ],
					"loop-phys::m::syncupdate" : [ 1 ],
					"notes-phys::rtt.notes.presets" : [ -1 ],
					"notes-phys::m::seq-length" : [ 6.0 ],
					"notes-phys::m::length" : [ 12.0 ],
					"notes-phys::m::octaves" : [ 1 ],
					"notes-phys::m::basenote" : [ 50 ],
					"notes-phys::m::sequence/scaled" : [ 60.0, 53.0, 55.0, 56.0, 57.0, 53.0 ],
					"notes-phys::m::sustain" : [ 1 ],
					"notes-phys::m::sequence/raw" : [ 0.968253968253968, 0.333333333333333, 0.5, 0.583333333333333, 0.666666666666667, 0.333333333333333 ],
					"scala-phys::rtt.scala-presets" : [ -1 ],
					"scala-phys::m::middlenote" : [ 60.0 ],
					"scala-phys::m::referencenote" : [ 69.0 ],