{
	"pattrstorage" : 	{
		"name" : "phys-storage",
		"slots" : 		{
			"1" : 			{
				"id" : 1,
				"data" : 				{
					"euc-phys::rtt.euclidean.presets" : [ 11 ],
					"euc-phys::m::pattern" : [ "pattern", 1.0, 0.0, 0.0, 1.0, 0.0, 0.0, 1.0, 0.0, 1.0, 0.0, 0.0, 1.0, 0.0, 0.0, 1.0, 0.0 ],
					"euc-phys::m::steps" : [ 16 ],
					"euc-phys::m::counter" : [ "index" ],
					"euc-phys::m::output" : [ "eventcount" ],
					"euc-phys::m::trigger" : [ "change" ],
					"euc-phys::m::events" : [ 6 ],
					"euc-phys::m::rotate" : [ 0.0 ],
					"loop-phys::rtt.loop.presets" : [ -1 ],
					"loop-phys::m::steps" : [ 16.0 ],
					"loop-phys::m::subdiv" : [ 4.0 ],
					"loop-phys::m::drunk2minus" : [ 0.330000013113022 ],
					"loop-phys::m::drunk2plus" : [ 0.330000013113022 ],
					"loop-phys::m::drunk2equals" : [ 0.330000013113022 ],
					"loop-phys::m::direction" : [ "forward" ],
					"loop-phys::m::regionstart" : [ 0.0 ],
					"loop-phys::m::regionlength" : [ 1.0 ],
					"loop-phys::m::subdivmode" : [ "polymetric" ],
					"loop-phys::m::syncupdate" : [ 1 ],
					"notes-phys::rtt.notes.presets" : [ -1 ],
					"notes-phys::m::seq-length" : [ 8.0 ],
					"notes-phys::m::length" : [ 12.0 ],
					"notes-phys::m::octaves" : [ 1 ],
					"notes-phys::m::basenote" : [ 50 ],
					"notes-phys::m::sequence/scaled" : [ 57.0, 54.0, 58.0, 57.0, 56.0, 52.0, 54.0, 57.0 ],
					"notes-phys::m::sustain" : [ 1 ],
					"notes-phys::m::sequence/raw" : [ 0.666666666666667, 0.416666666666667, 0.8, 0.683333333333333, 0.616666666666667, 0.2, 0.416666666666667, 0.7 ],
					"scala-phys::rtt.scala-presets" : [ -1 ],
					"scala-phys::m::middlenote" : [ 60.0 ],
					"scala-phys::m::referencenote" : [ 69.0 ],
					"scala-phys::m::referencefreq" : [ 440.0 ],
					"scala-phys::m::scale" : [ "Balafon_7.scl" ],
					"scala-phys::m::enable" : [ 1 ],
					"phys-velocity::rtt.sequence.presets" : [ -1 ],
					"phys-velocity::m::sequence/scaled" : [ 118.930000000000007, 90.710000000000008, 54.420000000000002, 80.63000000000001, 41.910000000000004, 92.730000000000004, 36.270000000000003, 90.710000000000008 ],
					"phys-velocity::m::seq-length" : [ 8.0 ],
					"phys-velocity::m::high" : [ 127.0 ],
					"phys-velocity::m::low" : [ 0.0 ],
					"phys-velocity::m::offset" : [ 0.0 ],
					"phys-velocity::m::stepsize" : [ 0.001000000047497 ],
					"phys-velocity::m::sequence/raw" : [ 0.936456692913386, 0.714251968503937, 0.428503937007874, 0.63488188976378, 0.33, 0.730157480314961, 0.285590551181102, 0.714285714285714 ],
					"phys-duration::rtt.sequence.presets" : [  ],
					"phys-duration::m::sequence/scaled" : [  ],
					"phys-duration::m::seq-length" : [  ],
					"phys-duration::m::high" : [  ],
					"phys-duration::m::low" : [  ],
					"phys-duration::m::offset" : [  ],
					"phys-duration::m::stepsize" : [  ],
					"phys-duration::m::sequence/raw" : [  ]
				}

			}
,
			"2" : 			{
				"id" : 2,
				"data" : 				{
					"euc-phys::rtt.euclidean.presets" : [ 11 ],
					"euc-phys::m::pattern" : [ "pattern", 1.0, 0.0, 0.0, 0.0, 1.0, 0.0, 0.0, 1.0, 0.0, 0.0, 1.0, 0.0, 0.0, 1.0, 0.0, 0.0 ],
					"euc-phys::m::steps" : [ 16 ],
					"euc-phys::m::counter" : [ "norm" ],
					"euc-phys::m::output" : [ "eventcount" ],
					"euc-phys::m::trigger" : [ "change" ],
					"euc-phys::m::events" : [ 5 ],
					"euc-phys::m::rotate" : [ 0.0 ],
					"loop-phys::rtt.loop.presets" : [ -1 ],
					"loop-phys::m::steps" : [ 16.0 ],
					"loop-phys::m::subdiv" : [ 4.0 ],
					"loop-phys::m::drunk2minus" : [ 0.330000013113022 ],
					"loop-phys::m::drunk2plus" : [ 0.330000013113022 ],
					"loop-phys::m::drunk2equals" : [ 0.330000013113022 ],
					"loop-phys::m::direction" : [ "forward" ],
					"loop-phys::m::regionstart" : [ 0.0 ],
					"loop-phys::m::regionlength" : [ 1.0 ],
					"loop-phys::m::subdivmode" : [ "polymetric" ],
					"loop-phys::m::syncupdate" : [ 1 ],
					"notes-phys::rtt.notes.presets" : [ -1 ],
					"notes-phys::m::seq-length" : [ 3.0 ],
					"notes-phys::m::length" : [ 12.0 ],
					"notes-phys::m::octaves" : [ 1 ],
					"notes-phys::m::basenote" : [ 50 ],
					"notes-phys::m::sequence/scaled" : [ 59.0, 51.0, 55.0 ],
					"notes-phys::m::sustain" : [ 1 ],
					"notes-phys::m::sequence/raw" : [ 0.833333333333333, 0.166666666666667, 0.5 ],
					"scala-phys::rtt.scala-presets" : [ -1 ],
					"scala-phys::m::middlenote" : [ 60.0 ],
					"scala-phys::m::referencenote" : [ 69.0 ],
					"scala-phys::m::referencefreq" : [ 440.0 ],
					"scala-phys::m::scale" : [ "Balafon_7.scl" ],
					"scala-phys::m::enable" : [ 1 ],
					"phys-velocity::rtt.sequence.presets" : [ -1 ],
					"phys-velocity::m::sequence/scaled" : [ 118.930000000000007, 90.710000000000008, 54.420000000000002, 80.63000000000001, 41.910000000000004, 92.730000000000004, 36.270000000000003, 90.710000000000008 ],
					"phys-velocity::m::seq-length" : [ 5.0 ],
					"phys-velocity::m::high" : [ 127.0 ],
					"phys-velocity::m::low" : [ 0.0 ],
					"phys-velocity::m::offset" : [ 0.0 ],
					"phys-velocity::m::stepsize" : [ 0.001000000047497 ],
					"phys-velocity::m::sequence/raw" : [ 0.936456692913386, 0.714251968503937, 0.428503937007874, 0.63488188976378, 0.33, 0.730157480314961, 0.285590551181102, 0.714285714285714 ],
					"phys-duration::rtt.sequence.presets" : [  ],
					"phys-duration::m::sequence/scaled" : [  ],
					"phys-duration::m::seq-length" : [  ],
					"phys-duration::m::high" : [  ],
					"phys-duration::m::low" : [  ],
					"phys-duration::m::offset" : [  ],
					"phys-duration::m::stepsize" : [  ],
					"phys-duration::m::sequence/raw" : [  ]
				}

			}

		}

	}

}
